address,ground_truth_label,ground_truth_source,ground_truth_evidence_type,ground_truth_date,ground_truth_independent,notes
1E6qZkzbGZHh9hWF4dQcTUdbmsYkvBYPrR,sextortion,watchyourback_manual,academic_verified,,yes,
115p7UMMngoj1pMvkpHijcRdfJNXj6LrLn,ransomware,watchyourback_manual,academic_verified,,yes,
123WBUDmSJv4GctdVEz6Qq6z8nXSKrJ4KX,darknet market,ofac_sdn,official_sanction,,yes,
12VrYZgS1nmf9KHHped24xBb1aLLRpV2cT,darknet market,ofac_sdn,official_sanction,,yes,
12t9YDPgwueZ9NyMgw519p7AA8isjr6SMw,ransomware,watchyourback_manual,academic_verified,,yes,
13AM4VW2dhxYgXeQepoHkHSQuy6NgaEb94,ransomware,watchyourback_manual,academic_verified,,yes,
13KBb1G7pkqcJcxpRHg387roBj2NX7Ufyf,ransomware,watchyourback_manual,academic_verified,,yes,
13LQJQ1oJ9K7PsqsGfjNhoVv6UeU6hgzQz,darknet market,ofac_sdn,official_sanction,,yes,
13UPaXjNhgTZ93MZqnr3roMNM8mCwLHDcK,ransomware,watchyourback_manual,academic_verified,,yes,
13hQVEstgo4iPQZv9C7VELnLWF7UWtF4Q3,mining,watchyourback_manual,academic_verified,,yes,
13hfsQm6oCaDZehfYBSMFiJVAi1jsL6sQd,darknet market,ofac_sdn,official_sanction,,yes,
13qm2ezhWSHWzMsGcxtKDhKNnchfP5Sp3X,ransomware,watchyourback_manual,academic_verified,,yes,
145SmDToAhtfcBQhNxfeM8hnS6CBeiRukY,scam,watchyourback_manual,academic_verified,,yes,
145tSHbcj1s3CJVMFrGLQZmPyjYQVKWcch,exchange,watchyourback_manual,academic_verified,,yes,
147SwRQdpCfj5p8PnfsXV2SsVVpVcz3aPq,mining,watchyourback_manual,academic_verified,,yes,
148LKmyZT3FGE4x1GjsFN6RsAwcjzk5iuE,darknet market,ofac_sdn,official_sanction,,yes,
14ChPPM8rPYJeHnw6kMVUDnNNKx1KnjYW4,gambling,watchyourback_manual,academic_verified,,yes,
14cZMQk89mRYQkDEj8Rn25AnGoBi5H6uer,mining,watchyourback_manual,academic_verified,,yes,
14gM1HuLVDELNHaFU22qpabjtiWek4HhV1,darknet market,ofac_sdn,official_sanction,,yes,
15FmQAdPrGkm2ouoUXu56zeoRVVpk4W6zY,exchange,watchyourback_manual,academic_verified,,yes,
15PggTG7YhJKiE6B16vkKzA1YDTZipXEX4,mixer,ofac_sdn,official_sanction,,yes,
15beJSBDXuCkWUHsAt6C7tpeEyBBj687TZ,exchange,watchyourback_manual,academic_verified,,yes,
15gvRgxdwMF5y3Kcc2X7WLpUMGW9wgyRB4,scam,watchyourback_manual,academic_verified,,yes,
15xd99WKi98JK9bUPp4AZEc2gZ5y7bBMCQ,scam,watchyourback_manual,academic_verified,,yes,
15zGqZCTcys6eCjDkE3DypCjXi6QWRV6V1,ransomware,watchyourback_manual,academic_verified,,yes,
161gTqw3CHVqiBfmC3vCLrXPob6wLQSKP4,gambling,watchyourback_manual,academic_verified,,yes,
16EKTes8ahD8xvwisqjc2xSNLiG3fDHatW,darknet market,ofac_sdn,official_sanction,,yes,
16EegrNMdZ9Rxku6Za5neEFjMW57wkQr1S,scam,watchyourback_manual,academic_verified,,yes,
16SPDQFFzgsoNSPiFFTfS8Dw8LLXqia4oc,darknet market,ofac_sdn,official_sanction,,yes,
16ZSAEfYpPCj3D94fsNt2okYj9Ue8mxy6T,darknet market,ofac_sdn,official_sanction,,yes,
16p2UWTZwXRyK5bTHNVjdDyy1D3EQGsZf2,darknet market,ofac_sdn,official_sanction,,yes,
17262J1AXJpnVi13PMJXKSfSKztwz8RbV,exchange,watchyourback_manual,academic_verified,,yes,
175BUqf8JCU1uoG1iTRKTacDa4uvJDUCw2,darknet market,ofac_sdn,official_sanction,,yes,
17C41iFaMBrUPyZZvexainuVuZi3cM15Vj,ransomware,watchyourback_manual,academic_verified,,yes,
17KAXqEFAictNnzWVPfQ4oGZGdJ8s1TwET,ransomware,watchyourback_manual,academic_verified,,yes,
17V7THwHMiDJmDwZK4unhE5HgKFJKx7VCe,darknet market,ofac_sdn,official_sanction,,yes,
17W4PZ2PS3KksDy5T6yE7FaJsgjmnYMXuP,exchange,watchyourback_manual,academic_verified,,yes,
17gH1u6VJwhVD9cWR59jfeinLMzag2GZ43,mixer,watchyourback_manual,academic_verified,,yes,
17mhyeBX617ABZ1ffThhUTJkHUcMvCkfd5,darknet market,ofac_sdn,official_sanction,,yes,
18UbYDCEpyhWwXgkYrJtxRyL1A4R7Cv7G4,ransomware,watchyourback_manual,academic_verified,,yes,
18XXV3h9zzzJ1R4v6DiGmfgcooG1Vk9B1m,ransomware,watchyourback_manual,academic_verified,,yes,
18cFGAdYcvNHkuhXLBE7izQKCyUW8TzCJE,darknet market,ofac_sdn,official_sanction,,yes,
18prjukrWtNRdKXtZLwL7bUgk6J5kkVWMH,ransomware,watchyourback_manual,academic_verified,,yes,
18ydpKVaT2gzKRAMkHdPeZ3oLLpNb1jchD,scam,watchyourback_manual,academic_verified,,yes,
198i5jrY1B4xGnQwbiDVuQzcq17thzaH1s,mining,watchyourback_manual,academic_verified,,yes,
19CrVPsyhvTM431kN5A3xJ5f6ux5gphgF9,exchange,watchyourback_manual,academic_verified,,yes,
19FQzHibWDhSP8pKmJS3uagFYoisXtehzw,darknet market,ofac_sdn,official_sanction,,yes,
19S7k3zHphKiYr85T25FnqdxizHcgmjoj1,ransomware,watchyourback_manual,academic_verified,,yes,
19WZkLuC6meqfHPEfbedpTAP1WXEHeyG61,scam,watchyourback_manual,academic_verified,,yes,
19aaLsPkiJuFZck7U4mryKFiUg633UJDhm,exchange,watchyourback_manual,academic_verified,,yes,
19iVyH1qUxgywY8LJSbpV4VavjZmyuEyxV,exchange,watchyourback_manual,academic_verified,,yes,
19oLXZPUirBimZQ3jLviDMRzF9NAZDjG8K,ransomware,watchyourback_manual,academic_verified,,yes,
19pPbUDvoSBZafkUCYkD2Z9AkuqqV6sWm7,darknet market,ofac_sdn,official_sanction,,yes,
19t7RxwXdfiwQMyQ3JVB16e9HgV7omijSs,mining,watchyourback_manual,academic_verified,,yes,
1A3iYY4c3dkgNYGewzYzr7EsqfBuWXibGo,darknet market,ofac_sdn,official_sanction,,yes,
1ANpca7g93BwptUJg1zV116v49zn9gjDi3,darknet market,ofac_sdn,official_sanction,,yes,
1AgUNMjEwz4zoUaYsx3J77NcP2usGEiZkM,ransomware,watchyourback_manual,academic_verified,,yes,
1AvJbFTUMipcdp6DY4uJQTdpwzWdmSyRB8,mining,watchyourback_manual,academic_verified,,yes,
1B11Ezqg3AXjFhMdRq5UpPDpNyriYNVtkn,darknet market,ofac_sdn,official_sanction,,yes,
1B3u21itzjgKtm7QsNQNCBpSkwzzeDHqrW,darknet market,ofac_sdn,official_sanction,,yes,
1BCWMwpR4M1nYUuuYe2bmzrNuwGoF9ZAbA,darknet market,ofac_sdn,official_sanction,,yes,
1Ba6gcNWhAxaUrw8KExZUR7sm1XDdJUn2a,ransomware,watchyourback_manual,academic_verified,,yes,
1BiyLYjfDNQSP81uvr5gzNW77P2viGWi8m,scam,watchyourback_manual,academic_verified,,yes,
1BvJRBRp9ZZ6zLyuZaZsV7g3xP6JokdZQW,darknet market,ofac_sdn,official_sanction,,yes,
1BzSWghdNus1FMF55HSAMdo1u3s76Uc2aw,scam,watchyourback_manual,academic_verified,,yes,
1C1EpSwTtWYL3wGSzFozn8UKYDz86nNoVD,exchange,watchyourback_manual,academic_verified,,yes,
1CDH7oUUxMyo6T5QHovu82ygUEXpQ5rgWV,scam,watchyourback_manual,academic_verified,,yes,
1CG1aSCxUnbmv9G34ofxTQoHtuVnMLJtQV,darknet market,ofac_sdn,official_sanction,,yes,
1CNbhgxGRZvsWnEHotfXge7k2E1UPzBDC7,darknet market,ofac_sdn,official_sanction,,yes,
1CdWQJMiQF1uYbwKc7fb5VBb9JBrhykcNf,scam,watchyourback_manual,academic_verified,,yes,
1CddRqw7oSPrT4tt5oXKyx2LiHJDPszy7y,darknet market,ofac_sdn,official_sanction,,yes,
1CfrdGWi4XPXFkEHRerQ7tmwFuKPWMzyzW,exchange,watchyourback_manual,academic_verified,,yes,
1CpVAEg4BgVzjiHshgeZfitZLV1t1zo6Qg,scam,watchyourback_manual,academic_verified,,yes,
1D1ej7zQzywWBDNXKNYpmH7Hso2U9koDG4,darknet market,ofac_sdn,official_sanction,,yes,
1D3GuaS9eqKw8dWj9JFQtNufdRtysjSLxZ,darknet market,ofac_sdn,official_sanction,,yes,
1DGsY4ww3BJnWXTsnmTgWa6UWdoRXgA1pX,darknet market,ofac_sdn,official_sanction,,yes,
1DKGRGJXGNLAtTeFb9SNPNHtrkZ87q7qKi,darknet market,ofac_sdn,official_sanction,,yes,
1DMBSsLZr7hh3LQhzFjX15xPzSz4aXa5ZT,ransomware,watchyourback_manual,academic_verified,,yes,
1DWNbQW5HvXde4tU4ZdFQmc8Gp7paMpvNu,ransomware,watchyourback_manual,academic_verified,,yes,
1Dpddb1TMjvmNQeYDqgyd1ww6cmwPJRdSk,darknet market,ofac_sdn,official_sanction,,yes,
1Dtykbcz4dsKzHrddrkxw8FrKKiVu2tTgX,scam,watchyourback_manual,academic_verified,,yes,
1DtyvLb1pDzXVoaVnJLAFzBJN6b4gcJSdR,ransomware,watchyourback_manual,academic_verified,,yes,
1E34BRTrVrWoENaqV8kxiRYzjjc7xsTFzE,ransomware,watchyourback_manual,academic_verified,,yes,
1E9uUnLbyfToazo95vmM3ysYnzgkrL7GeC,darknet market,ofac_sdn,official_sanction,,yes,
1EEqRvnS7XqMoXDcaGL7bLS3hzZi1qUZm1,exchange,watchyourback_manual,academic_verified,,yes,
1EMG2n35pxcC7ycvwErvCFkzvaNXBz85hG,scam,watchyourback_manual,academic_verified,,yes,
1EQiMGLApzDdPYLWoDMyUo27q5ashMXdQ,ransomware,watchyourback_manual,academic_verified,,yes,
1EWdps7P7o2u616u9a36CK6Jjnbr1A2HUJ,scam,watchyourback_manual,academic_verified,,yes,
1EtMuBPQnPCa3cecerdSH1SzydxnhbTmw,darknet market,ofac_sdn,official_sanction,,yes,
1EuUMPBCZtSd5pVVFEqmRqUSfU1qy6ASuL,darknet market,ofac_sdn,official_sanction,,yes,
1EvhBad5wCZYhBoAsGaciV6AvmZ1osLpeJ,darknet market,ofac_sdn,official_sanction,,yes,
1F7UL41qYm6TvnExZzPHBCyeENvX3XDEMS,darknet market,ofac_sdn,official_sanction,,yes,
1FFS6pX1TCKTNy668Mbk2Lyoem1qB48kYX,darknet market,ofac_sdn,official_sanction,,yes,
1FLH1SoLv4U68yUERhDiWzrJn5TggMqkaZ,mining,watchyourback_manual,academic_verified,,yes,
1FnaucN6FtADHUD5Z1mW55j9okubkjsTAW,scam,watchyourback_manual,academic_verified,,yes,
1G64TFMFVJTjhJXra6x74BBhsfSyiWaFtT,darknet market,ofac_sdn,official_sanction,,yes,
1G6tQeWrwp6TU1qunLjdNmLTPQu7PnsMYd,ransomware,watchyourback_manual,academic_verified,,yes,
1G7fTH4E1brom3ojU4JjUvKintWY8hezri,ransomware,watchyourback_manual,academic_verified,,yes,
1GYuu9d5HPikafbys3k5Q3DRJq6debGsoB,darknet market,ofac_sdn,official_sanction,,yes,
1GcKLUUXodTQcLcPD7VLMgvCc4hs5Q775,darknet market,ofac_sdn,official_sanction,,yes,
1Ge8JodC2HiBiEuT7D3MoH6Fak6XrcT9Kf,darknet market,ofac_sdn,official_sanction,,yes,
1GkLN7DbA9mAtHNzQWNPANcdWbefaz4Gzm,darknet market,ofac_sdn,official_sanction,,yes,
1GnFTy5F9qi5MfaRZfgdg2jkyT5xtAHvd8,darknet market,ofac_sdn,official_sanction,,yes,
1H8sDTTgJPBKw83EBZDLhXvetCbxZUMMZM,darknet market,ofac_sdn,official_sanction,,yes,
1HB3KtKoguFuZ4BdmCv9Fc4tYTwDQgmqmW,sextortion,watchyourback_manual,academic_verified,,yes,
1HH8eiuaTMucTNyvGCUmAvmCZCtdMi8SqK,darknet market,ofac_sdn,official_sanction,,yes,
1HN1r24sZ79yTS6pAczzyCssCtL8UsaqL6,ransomware,watchyourback_manual,academic_verified,,yes,
1HVi6re6zDr5c5v9Sk2mmL9u7svEHfiBt4,gambling,watchyourback_manual,academic_verified,,yes,
1Hhe61Bwxs8Hd2WxzWY9FQyZicBiZGeSNW,darknet market,ofac_sdn,official_sanction,,yes,
1Hj2r8SnVim48qG3E4QwZ6td8PMcUiXnGU,scam,watchyourback_manual,academic_verified,,yes,
1HrEqMHQVWhKuCg7a3rxo2tAFAiKquJ5iP,ransomware,watchyourback_manual,academic_verified,,yes,
1HuYfoEwsfHgZiRhbhJrCd5ST3iksa8KEx,darknet market,ofac_sdn,official_sanction,,yes,
1J25YSaUJQT9AdEJ9rmSrKRZhCpc6Wkr7e,scam,watchyourback_manual,academic_verified,,yes,
1J9wJH2bamZVxscXAvoDH4jvtGKb7sYFDm,darknet market,ofac_sdn,official_sanction,,yes,
1JCMYAkmxibo8EKJWyqtHadCy3NfPJvJwW,scam,watchyourback_manual,academic_verified,,yes,
1JSeDGPmq74JP2RQXqJFdHH3L2jcie3w4X,scam,watchyourback_manual,academic_verified,,yes,
1JyRhM9ndcqacWkJRRnn2mbmQZ3XxcN7wy,scam,watchyourback_manual,academic_verified,,yes,
1K2fmE9hfhbRNSZoBvCBWZAvsS5idTUxBG,darknet market,ofac_sdn,official_sanction,,yes,
1KAGE12gtYVfizicQSDQmnPHYfA29bu8Da,scam,watchyourback_manual,academic_verified,,yes,
1KCGP2CLEhBxxfHtNE4dE4SZduxmjRuUR7,ransomware,watchyourback_manual,academic_verified,,yes,
1KPGDc6oHpvWoUSyssxqmRgwtUqsyyey2y,gambling,watchyourback_manual,academic_verified,,yes,
1KTt5AUL58hYmkAR5zkuUR6vu5KKDi3QBx,ransomware,watchyourback_manual,academic_verified,,yes,
1KZ1zZ1gQxHi5jrmXUkXiVXhgrqWdVRDqs,ransomware,watchyourback_manual,academic_verified,,yes,
1KkaKujnqwJf7Cbm7JKAZGF3X9d4685m8n,darknet market,ofac_sdn,official_sanction,,yes,
1L2utMwJjCCYr8FHzVpvvvatLP2SHEGjry,ransomware,watchyourback_manual,academic_verified,,yes,
1L5zxpkAuh5sVx8aoMvLFegf59jk2NSyty,scam,watchyourback_manual,academic_verified,,yes,
1LKE3XA9bf5JFqtGtCHzWj5QGxKGwMfXZw,darknet market,ofac_sdn,official_sanction,,yes,
1LLiTbEQE1jUayUKyeyokYCYBEi5rZ1Ghx,scam,watchyourback_manual,academic_verified,,yes,
1Licqjca74n8pmNaoARXLLqcTUTHFpxbXH,darknet market,ofac_sdn,official_sanction,,yes,
1Lv9ofuunrmtQeGPMJCj4iwJbr6wGbossn,exchange,watchyourback_manual,academic_verified,,yes,
1LvjTxjFnjomvvMK8CGx1qZ1zpLJFUFRmq,ransomware,watchyourback_manual,academic_verified,,yes,
1MFVUvYvdkzzzQ65JF5Rv5p1hTUnss3RMe,exchange,watchyourback_manual,academic_verified,,yes,
1MQBDeRWsiJBf7K1VGjJ7PWEL6GJXMfmLg,darknet market,ofac_sdn,official_sanction,,yes,
1MXTmn5nBQ6GLr52AqpM7kdhk5mByvdp8P,exchange,watchyourback_manual,academic_verified,,yes,
1MbtT2ZsTtLp7EKZUV9r74cTyqvsMtTP2M,darknet market,ofac_sdn,official_sanction,,yes,
1MpLjpT44A5yyRbtGG61rtpgwxdJB3onsB,scam,watchyourback_manual,academic_verified,,yes,
1MtsQsw6n2jvJCWhpCw7jifTfD9Q3rBBVg,darknet market,ofac_sdn,official_sanction,,yes,
1Mz7153HMuxXTuR2R1t78mGSdzaAtNbBWX,ransomware,watchyourback_manual,academic_verified,,yes,
1N2uxuMXP7RmZov8XuB13sUiKcSSAABmVf,scam,watchyourback_manual,academic_verified,,yes,
1NbGwQwt4uEhg2srAKppLf8QaF6fbp3PZG,darknet market,ofac_sdn,official_sanction,,yes,
1Ni8z1MbaF4ri8GGE67BWtLu66YnXj2BuW,exchange,watchyourback_manual,academic_verified,,yes,
1NjKNU7FKiZ4VH8GJwHogxp81KVcw7a8Kn,scam,watchyourback_manual,academic_verified,,yes,
1NvJm3jfZxENNyqws5BKQvhkLxg9chLJdo,darknet market,ofac_sdn,official_sanction,,yes,
1NxaBCFQwejSZbQfWcYNwgqML5wWoE3rK4,gambling,watchyourback_manual,academic_verified,,yes,
1PCh7w6LdcEv1sWd5wtvkELHcWe5HumUi3,scam,watchyourback_manual,academic_verified,,yes,
1PJp8diNa89cVHpiT1VPu7EQ8LxYM5HX6v,darknet market,ofac_sdn,official_sanction,,yes,
1PWRKxkR5AU7Tc9zPqjdhtu1eGW1QZzs4y,darknet market,ofac_sdn,official_sanction,,yes,
1PXxwPVtYxZiCRp9LKq7aKMDFrhAQztvUE,darknet market,ofac_sdn,official_sanction,,yes,
1PYtgFS2t6i57WdDvbRa7kPcsagGMBxzfg,darknet market,ofac_sdn,official_sanction,,yes,
1PZS9LzUFcbCREZw3AzY4U8c9AwjcccMJo,scam,watchyourback_manual,academic_verified,,yes,
1Pu1nAW7kCoSMThMs8QcpM8JxuByQDZgH,darknet market,ofac_sdn,official_sanction,,yes,
1Pv1djEWrEvfgHkr8A27nkpLigmFYttCM3,mining,watchyourback_manual,academic_verified,,yes,
1Q4tJjH2aBr3AJrzxqa4Z3jPpf5SDgF4jK,darknet market,ofac_sdn,official_sanction,,yes,
1Q7gS7fi7R26kYRBXEcNeK7f2foi3BfkkE,scam,watchyourback_manual,academic_verified,,yes,
1QAc9S5EmycqjzzWDc1yiWzr9jJLC8sLiY,ransomware,watchyourback_manual,academic_verified,,yes,
1QHxyuLGRMHfbNPJikV4Dwhfx45HWfUMWB,darknet market,ofac_sdn,official_sanction,,yes,
1Sf6e4xQv8muMZqYPTdRFf3e5o5eWcg9F,darknet market,ofac_sdn,official_sanction,,yes,
1VayNert3x1KzbpzMGt2qdqrAThiRovi8,mining,watchyourback_manual,academic_verified,,yes,
31t4nEpcwyQJT1VuXdAoQZTT5givRDPsNP,mixer,ofac_sdn,official_sanction,,yes,
32DaxSzUhLBHY2WGSWQYiBSHnRsfQZrrRp,mixer,ofac_sdn,official_sanction,,yes,
32PsiT8itBrEF84ebdaF82yBUEcz5Wc6uY,mixer,ofac_sdn,official_sanction,,yes,
32VgTk8kGvBsqkHhkvtNooGdtqZm46jTVo,exchange,ofac_sdn,official_sanction,,yes,
32fbAZMTaQxNd2fAue1PgsiPgWfcsHBQQt,mixer,ofac_sdn,official_sanction,,yes,
32pCmCWEjwhkLwh5BgLNAeBQFp5Gi1hv81,darknet market,ofac_sdn,official_sanction,,yes,
32wdqwX3zCEX3DhAVEcKwXCEGdzgBnx1R9,exchange,ofac_sdn,official_sanction,,yes,
331TS6DyASY7iU5CRA8UryBnkPS78fP2B1,darknet market,ofac_sdn,official_sanction,,yes,
33KKjn4exdBJQkTtdWxqpdVsWxrw3LareG,mixer,ofac_sdn,official_sanction,,yes,
33fWcMdmsB2Ey4CEbVWbjGFkuevBSyP9nG,darknet market,ofac_sdn,official_sanction,,yes,
33xWfziVZesgo83U5izdNCBVTnrtBpSwK7,exchange,ofac_sdn,official_sanction,,yes,
347QFbejDBdMZFTxpmn6evvvqyXiqZTCd7,exchange,ofac_sdn,official_sanction,,yes,
34ETiHfQWEYFCCaXmEeQWVmhFH5vz2JMvd,mixer,ofac_sdn,official_sanction,,yes,
34WWXwFKAsXL9zYxbeNPaPV6vDamkjQLUo,darknet market,ofac_sdn,official_sanction,,yes,
34dxZvijpBM1YkPybczbQ7DuGuKAnULdfS,darknet market,ofac_sdn,official_sanction,,yes,
34kEYgpijvCmjvahRXXQEnBH76UGJVx2wg,mixer,ofac_sdn,official_sanction,,yes,
34kWCKF2wCbe6uinit2uL4ND6d8yxsuxKM,exchange,ofac_sdn,official_sanction,,yes,
34pFGsSYbWEritXncW9unZtQQE9dKSvKku,mixer,ofac_sdn,official_sanction,,yes,
35KAdTa2vqnJzitF2xiUzZn1Gmcas2Y465,darknet market,ofac_sdn,official_sanction,,yes,
35LScRJ8hzDvvWh9t9UA8bHGnGNVz3YEfa,darknet market,ofac_sdn,official_sanction,,yes,
35SwVFxosV3AsvnrBfzdXarqavRbvDyyxv,darknet market,ofac_sdn,official_sanction,,yes,
35aTjkBh4yeTypJsi9nuTdoMKHTsawKVgX,darknet market,ofac_sdn,official_sanction,,yes,
35eanEz5iYg2eYaxCtMrR4SCoypFqrBWUH,darknet market,ofac_sdn,official_sanction,,yes,
35hK24tcLEWcgNA4JxpvbkNkoAcDGqQPsP,exchange,watchyourback_manual,academic_verified,,yes,
35hh9dg3wSvUJz9vFk1FsezLE5Fx3Hudk2,mixer,ofac_sdn,official_sanction,,yes,
35qwVtMEohWDdBWRiCSR7azoP5cbY8SG1Q,darknet market,ofac_sdn,official_sanction,,yes,
361AkMKNNWYwZRsCE8pPNmoh5aQf4V7g4p,darknet market,ofac_sdn,official_sanction,,yes,
36XqYWGvUQwBrYLRVuegN4pJJJSPWL1WEu,mixer,ofac_sdn,official_sanction,,yes,
36YGN5dGzqrxMomTHdkT6cYVMnWBw8S7hD,exchange,ofac_sdn,official_sanction,,yes,
36fnEw56DauvD19et2DMACaJeuD4rBXSbi,exchange,watchyourback_manual,academic_verified,,yes,
36yS87PLuW7sErLg1TY26WzaVarTim7AcC,darknet market,ofac_sdn,official_sanction,,yes,
37dDBCexFPraKW4jGSqkE3NyG52YeZQbJx,darknet market,ofac_sdn,official_sanction,,yes,
37g6WgqedzZx6nx51tYgssNG8Hnknyj5nL,mixer,ofac_sdn,official_sanction,,yes,
38LjCapRrJEW7w2zwbyS15P9D9UGPjWS44,mixer,ofac_sdn,official_sanction,,yes,
38ncxqt932N9CcfNfYuHGZgCyR85hDkWBW,mixer,ofac_sdn,official_sanction,,yes,
39AALn7eTjdPzLb99hHhD6F7J8QWB3R2Rd,mixer,ofac_sdn,official_sanction,,yes,
39KQvziHwUe2vddbpfC5WkQEV72qbQhxuh,exchange,ofac_sdn,official_sanction,,yes,
39VZ9Ktio8q6GANhwhaMf7pcQ3AgZJoUGp,scam,watchyourback_manual,academic_verified,,yes,
3AFcE2mbSSndcpYFgHoExSmjUc26ef2gQh,darknet market,ofac_sdn,official_sanction,,yes,
3ANWhUnHujdwbw2jEuGSRH6bvFsD9BqEy9,mixer,ofac_sdn,official_sanction,,yes,
3AYU365Tcjef7j9pdKF9Xe8rWpEpsH196t,darknet market,ofac_sdn,official_sanction,,yes,
3AjiWiUdKB5mcGUSS9mBeoHCeYJw3Zo8r6,darknet market,ofac_sdn,official_sanction,,yes,
3B4G1M8eF3cThbeMwhEWkKzczw9QoNTGak,mixer,ofac_sdn,official_sanction,,yes,
3BCN3WgMRJwULTz1vsEQ7NZrBjwaUBf5Ca,darknet market,ofac_sdn,official_sanction,,yes,
3BQACtiMXYB9JpUMpkEWt9m8BzswpGHq4X,darknet market,ofac_sdn,official_sanction,,yes,
3BWP6ZQAhc4j5wR1b95zJAthJEFvhdees7,darknet market,ofac_sdn,official_sanction,,yes,
3BazbaTP8ELJUEfPBV9z5HXEdgBziV9p7W,mixer,ofac_sdn,official_sanction,,yes,
3CCmt5LjQ5yKkaFY1DWC2SbERVEtWRnSRD,darknet market,ofac_sdn,official_sanction,,yes,
3CcF942kYVRotGrfYQxD4QNn4aKVywpRxb,exchange,watchyourback_manual,academic_verified,,yes,
3Czhm6xqn8odwz6jgTcjRrUjog28v6aVS8,darknet market,ofac_sdn,official_sanction,,yes,
3DCCgmyKozcZkFBzYb1A2x8abZCpAUTPPk,mixer,ofac_sdn,official_sanction,,yes,
3DLGfN7hgsWXXSp9euXcnmWXLpFQuswW2t,darknet market,ofac_sdn,official_sanction,,yes,
3E7YbpXuhh3CWFks1jmvWoV8y5DvsfzE6n,exchange,ofac_sdn,official_sanction,,yes,
3EPqGUw2q89pwPZ1UF8FJspE2AyojSTjdu,mixer,ofac_sdn,official_sanction,,yes,
3ES6pqCueDPCnC4hCqhhYuey6gyiRJZw6E,darknet market,ofac_sdn,official_sanction,,yes,
3EUjqe9UpmyXCFd6jeu69hoTzndMRfxw9M,mixer,ofac_sdn,official_sanction,,yes,
3F6bbvS1krsc1qR8FsbTDfYQyvkMm3QvmR,mixer,ofac_sdn,official_sanction,,yes,
3FBgeJdhiBe22UoSpp51Vd8dPHVa2A4wZX,mixer,ofac_sdn,official_sanction,,yes,
3GAUBtrTtWp1D9yeXgr3wMg8B599QHa5m5,darknet market,ofac_sdn,official_sanction,,yes,
3GMfGEDYMTq9G8dEHet1zLtUFJwYwSNa3Y,mixer,ofac_sdn,official_sanction,,yes,
3GQcTPzm8jHspJhSHeHUUgwV9rbXonakr9,exchange,watchyourback_manual,academic_verified,,yes,
3GSXNXzyCDoQ1Rhsc7F1jjjFe7DGcHHdcM,mixer,ofac_sdn,official_sanction,,yes,
3GXdtA6kbb4M5aqzZm5qqxcFDFRMW8LqdJ,darknet market,ofac_sdn,official_sanction,,yes,
3GYbbYkvqvjF5oYhaKCgQYCvcVE1JENk6J,mixer,ofac_sdn,official_sanction,,yes,
3GuQjr7kkrR5EjpanMgyAuxuLgrjEUwe21,darknet market,ofac_sdn,official_sanction,,yes,
3H3rh85qPaGLy2w6618yZNaH7i8asHv46B,exchange,ofac_sdn,official_sanction,,yes,
3HJN4jRa4mdfkey9JR9jUhr86yPwL86A3C,darknet market,ofac_sdn,official_sanction,,yes,
3HQDRyzwm82MFmLWtmyikDM9JQEtVT6vAp,mixer,ofac_sdn,official_sanction,,yes,
3HRExd8GKFskZC5inmVcpiyy9UWG7FVa6o,darknet market,ofac_sdn,official_sanction,,yes,
3HSZc4BLnQBznjSq7JvXgqNCZUUs3M9fZz,darknet market,ofac_sdn,official_sanction,,yes,
3HupEUfKmMhvhXqf8TMoPAyqDcRC1kpe65,mixer,ofac_sdn,official_sanction,,yes,
3HzQJ3CGQKkWuxGSiWW286PePSed7tgKWp,scam,watchyourback_manual,academic_verified,,yes,
3J19qffPT6mxQUcV6k5yVURGZtdhpdGr4y,mixer,ofac_sdn,official_sanction,,yes,
3JHMz3mTna1gVCZSPp8NgRFiY7phkv5mA8,mixer,ofac_sdn,official_sanction,,yes,
3JLyyLbwciWAC6re87D7mRknXakR4YbnUd,mixer,ofac_sdn,official_sanction,,yes,
3JUwAS7seL3fh5hxWh9fu3HCiEzjuQLTfg,mixer,ofac_sdn,official_sanction,,yes,
3JhPsVV3KnL9dBYGSZALS9EbrLr97R865a,darknet market,ofac_sdn,official_sanction,,yes,
3JuSgFrwnrNfuhvR4GpWAPmeJVot4xrEae,darknet market,ofac_sdn,official_sanction,,yes,
3K26aMKmnrv97Pj6YiFcqiXk2LxeHfhnG3,darknet market,ofac_sdn,official_sanction,,yes,
3K35dyL85fR9ht7UgzPfd1gLRRXQtNTqE3,mixer,ofac_sdn,official_sanction,,yes,
3K4rjdh8A5yi6LWvft2rbmyZvqEbPSSSX4,darknet market,ofac_sdn,official_sanction,,yes,
3K7PMJyMNVnxqsfpmK9r9nJDtzDw9wNwNV,exchange,ofac_sdn,official_sanction,,yes,
3KGQ3hX6eFYtBjTBFSdvdkzHmwZyYWLRQh,darknet market,ofac_sdn,official_sanction,,yes,
3Kp8Qc5z7yevDeoQxhS5RSSKnEi5x7AQ43,darknet market,ofac_sdn,official_sanction,,yes,
3KvBX3jo69Qn8jHy44M33RYoeYcf8DdRBD,darknet market,ofac_sdn,official_sanction,,yes,
3LDbNuDkKmLae5r3a5icPA5CQg2Y8F7ogW,mixer,ofac_sdn,official_sanction,,yes,
3LhnVMcBq4gsR7aDaRr9XmUo17CuYBV4FN,mixer,ofac_sdn,official_sanction,,yes,
3Lpoy53K625zVeE47ZasiG5jGkAxJ27kh1,exchange,ofac_sdn,official_sanction,,yes,
3M7CGBPUJwXXSroWuZ6H5jiprdKCyf7V5M,exchange,ofac_sdn,official_sanction,,yes,
3MD3riFB6U8PykypF6qkvSj8R2SGdUDPn3,mixer,ofac_sdn,official_sanction,,yes,
3MP7yBGSW2gkXVRE8S84T2j4KVgPh3rEzv,darknet market,ofac_sdn,official_sanction,,yes,
3MTRvM5QrYZHKo8gh5qKcrPK3RLjxcDCZE,mixer,ofac_sdn,official_sanction,,yes,
3MTrJTFhYK9v1C6pjHtuweZSopfZa4b1wb,exchange,ofac_sdn,official_sanction,,yes,
3MvQ4gThF4mmuo49p4dBNchcmFHBRZnYfx,mixer,ofac_sdn,official_sanction,,yes,
3MzLtBQ4Lz9J6w4Qu55TktgxFKZwxYWrP6,exchange,ofac_sdn,official_sanction,,yes,
3N3YSDvp4cbhEgNGabQxTN39kEzJmwG8Ah,mixer,ofac_sdn,official_sanction,,yes,
3N9YcPBDky9UsMx1RTk33tL4jDkZfSnsPk,exchange,ofac_sdn,official_sanction,,yes,
3NDzzVxiLBUs1WPvVGRfCYDTAD2Ua2PvW4,mixer,ofac_sdn,official_sanction,,yes,
3NPognMSbzyA2JYW2fpkVKWyBMi2XTq2Zt,exchange,ofac_sdn,official_sanction,,yes,
3NRJ8aXdUiZdHaiFX9ePX3DhGHzcEi14Fq,exchange,ofac_sdn,official_sanction,,yes,
3P6PzdfETr4275Gn3veLkCyDxA1jV8fHKm,darknet market,ofac_sdn,official_sanction,,yes,
3PDmRwotTkRAFRLGTUrucCERp2JdM1q4ar,darknet market,ofac_sdn,official_sanction,,yes,
3PiCnZrBvGfWAKQ9hr4cCpfaDjy64yNSpE,darknet market,ofac_sdn,official_sanction,,yes,
3PjVn6PBEP9XHqQR82mfUyMjhWxiKMVjFK,exchange,watchyourback_manual,academic_verified,,yes,
3PyzSbFj3hbQQjTzDzyLSgvFVDjB7yw4Cj,mixer,ofac_sdn,official_sanction,,yes,
3Q5dGfLKkWqWSwYtbMUyc8xGjN5LrRviK4,mixer,ofac_sdn,official_sanction,,yes,
3QAdoc1rDCt8dii1GVPJXvvK6CEJLzCRZw,mixer,ofac_sdn,official_sanction,,yes,
3QEjBiPzw6WZUL4MYMmMU6DY1Y25aVbpQu,mixer,ofac_sdn,official_sanction,,yes,
3QJyT8nThEQakbfqgX86YjCK1Sp9hfNCUW,mixer,ofac_sdn,official_sanction,,yes,
3QVyoH4u3qT88uChAeJVhfB3r6maZt431y,darknet market,ofac_sdn,official_sanction,,yes,
3QWUdP5taP4GrRuueVDud1eWetb7hc3wDH,darknet market,ofac_sdn,official_sanction,,yes,
3QnWE5GVfQu3wVav91RuFkqip4Ti4NWqAY,darknet market,ofac_sdn,official_sanction,,yes,
3Qw9Fn19gCnga9LfHfpM99aGzuqxBNjR2i,exchange,ofac_sdn,official_sanction,,yes,
3QyUSB4eRYePHcvpS6k6YDMBUDGXRSSMPc,exchange,watchyourback_manual,academic_verified,,yes,
bc1q0vp48j7lzqkeu65hfy43tmltqt2uqgwfgleetw,exchange,watchyourback_manual,academic_verified,,yes,
bc1q202ajnhxgg9d9jjczmg0g4usp6haqldyy2eakl,darknet market,ofac_sdn,official_sanction,,yes,
bc1q237mvl0heyw0r38wd3xz8h5mar96rrwpams8pp,darknet market,ofac_sdn,official_sanction,,yes,
bc1q4rzdtlt0uslyw86cp29sctl6ct29g9a95cuup7pn5md9ddj7xgmqpp5m73,exchange,ofac_sdn,official_sanction,,yes,
bc1q86tl9255vg5wldamfymaaz36uqxzm30gs7fhkljvzdlt9t38s3lqgdwdfq,exchange,ofac_sdn,official_sanction,,yes,
bc1q90zrdysy4flyacw7hsury3ajs9yzwtwp6guqpypx94w0d3p58hysvz6pde,exchange,ofac_sdn,official_sanction,,yes,
bc1qe95l438kzjcvnsm3kn8n5augf9gpctdlhsq7f7hpnkyvlr7rc7cqupapf7,exchange,ofac_sdn,official_sanction,,yes,
bc1qj6j6p0jdefl6pvdzx3kx8245yy5mz6q4luhzes,darknet market,ofac_sdn,official_sanction,,yes,
bc1qlnzcep4l4ac0ttdrq7awxev9ehu465f2vpt9x0,ransomware,watchyourback_manual,academic_verified,,yes,
bc1qnurh904jcnxm0amfg2cy3406k4ed2vd2x67s8p,ransomware,watchyourback_manual,academic_verified,,yes,
bc1qqf8kcc9m57xjqcvsvuf989nnl48ve6d2s24cx3,darknet market,ofac_sdn,official_sanction,,yes,
bc1qs9u6j78e3utj08mwvqkkmqm9de5xk3g4yh8qtq,darknet market,ofac_sdn,official_sanction,,yes,
bc1qsmqpalp3gtgkltag4x3ygevmhh9y2hzk73t2ug,darknet market,ofac_sdn,official_sanction,,yes,
bc1qsmv6lkrw65l30yazdqpdjjtwzpvk9f8gfh0cy7,darknet market,ofac_sdn,official_sanction,,yes,
bc1quyc6j8ca84q9gjej5jjd2n8hra0vfu0j60fefs57p6e5rerkq07q0l5u3w,darknet market,ofac_sdn,official_sanction,,yes,
bc1qvlzfn6kmezv44d8kw0p5jsmxe6wchv3zc7gsxs,darknet market,ofac_sdn,official_sanction,,yes,
bc1qw7vfgv3r5vnehafl0y95sclg3uqsj87wxs9ad628yjjcq33cwessr6ndyw,exchange,ofac_sdn,official_sanction,,yes,
